id,pid,charge,e,px,py,pz,radius,time,x,y,z,r,pt,pp
0,0,0,5.542,-1.777,-2.275,4.731,20,2.20,-0.705322,-0.902879,1.878119,2.200000,0.853691,0.907629
1,0,0,5.309,1.694,2.172,-4.538,20,2.10,0.670180,0.859134,-1.795202,2.100000,-0.854858,0.908330
2,0,0,0.035,0.014,-0.007,-0.031,20,2.10,0.825213,-0.436877,-1.881000,2.100000,-0.895714,-0.486899
