id,pid,charge,e,px,py,pz,radius,time,x,y,z,r,pt,pp
0,0,0,5.183,1.555,2.360,4.344,20,2.20,0.660188,1.001807,1.844054,2.200000,0.838206,0.988122
1,0,0,4.944,-1.552,-2.343,-4.068,20,2.10,-0.659158,-0.995299,-1.727683,2.100000,-0.822706,0.985843
