id,pid,charge,e,px,py,pz,radius,time,x,y,z,r,pt,pp
0,2,-1,2.122,0.045,1.138,-1.788,1,0.20,-0.096889,0.046042,-0.168480,0.199732,-0.843530,-0.443619
0,2,-1,2.122,0.045,1.138,-1.788,2,0.30,-0.143212,0.073123,-0.252719,0.299539,-0.843694,-0.472083
0,2,-1,2.122,0.045,1.138,-1.788,3,0.40,-0.187919,0.102794,-0.336959,0.399277,-0.843924,-0.500548
0,2,-1,2.122,0.045,1.138,-1.788,4,0.50,-0.230866,0.134962,-0.421199,0.498921,-0.844219,-0.529012
0,2,-1,2.122,0.045,1.138,-1.788,5,0.60,-0.271913,0.169521,-0.505439,0.598450,-0.844580,-0.557477
0,2,-1,2.122,0.045,1.138,-1.788,6,0.70,-0.310927,0.206360,-0.589679,0.697840,-0.845006,-0.585941
0,2,-1,2.122,0.045,1.138,-1.788,20,2.20,-0.584966,0.937427,-1.853276,2.157681,-0.858920,-1.012907
